v,(In)transitive,AR,Dialect,FORM,verb form features,Frequency,IPA,Duplicate?,sense?,Notes
Admit,,اعترف,MSA,,,,[eʕtæræfæ],FALSE,,
Advise,,نَصَحَ,MSA,,,,[næsˤæħæ],FALSE,,
Agree,,اتّفق,MSA,,,,[ettæfæqæ],FALSE,,
Allow,,سَمَحَ,MSA,,,,[sæmæħæ],FALSE,,
Allow Permit,,أَذِنَ,MSA,,,,[æðenæ],FALSE,,
Answer back,,رَدَّ,MSA,,,,[ræddæ],FALSE,,
Apologize,,اعتذر,MSA,,,,[eʕtæðæræ],FALSE,,
Argue Fight,,تشاجر,MSA,,,,[tæʃadʒæræ],FALSE,,
Arrest,,قَبَضَ,MSA,,,,[qæbædˤæ],FALSE,,
Arrive,,وَصَلَ,MSA,,,,[wæsˤælæ],TRUE,,
Ask,,سَأَلَ,MSA,,,,[sæʔælæ],FALSE,,
Ask for Pray,,توسّل,MSA,,,,[tæwæssælæ],FALSE,,
Ask Request,,طَلَبَ,MSA,,,,[tˤælæbæ],FALSE,,
Attack,,هاجم,MSA,,,,[hadʒæmæ],FALSE,,
Attend,,صاحب,MSA,,,,[sˤaħæbæ],FALSE,,
Bake,,خَبَزَ,MSA,,,,[xæbæzæ],FALSE,,
Ban Forbid,,مَنَعَ,MSA,,,,[mænæʕæ],FALSE,,
Bath,,استحم,MSA,,,,[estæħæmæ],FALSE,,
Be afraid,,خاف,MSA,,,,[xafæ],FALSE,,
Be happy,,فَرِحَ,MSA,,,,[fareħæ],FALSE,,
Be present Arrive Come,,حَضَرَ,MSA,,,,[ħædˤæræ],FALSE,,
Be proude,,تفاخر,MSA,,,,[tæfaxæræ],FALSE,,
Be sorry,,تأسّف,MSA,,,,[tæʔæssæfæ],FALSE,,
Bear Carry,,حَمَلَ,MSA,,,,[ħæmælæ],FALSE,,
Beat Hit,,ضَرَبَ,MSA,,,,[dˤæræbæ],FALSE,,
Bend,,انحنى,MSA,,,,[enħæna],FALSE,,
Bind Tie,,رَبَطَ,MSA,,,,[ræbætˤæ],FALSE,,
Bite,,لَسَعَ,MSA,,,,[læsæʕæ],FALSE,,
Bleed,,نَزَفَ,MSA,,,,[næzæfæ],FALSE,,
Blow Puff,,نَفَخَ,MSA,,,,[næfæxæ],FALSE,,
Boil,,غَلَى,MSA,,,,[ɣæla],FALSE,,
Boil food,,سَلَقَ,MSA,,,,[sælæqæ],FALSE,,
Borrow,,استلف,MSA,,,,[estælæfæ],FALSE,,
Borrow Lend,,استعار,MSA,,,,[estæʕaræ],FALSE,,
Breath,,تنفّس,MSA,,,,[tænæffæsæ],FALSE,,
Bring up,,أدّب,MSA,,,,[æddæbæ],FALSE,,
Bring up Breeding,,ربّى,MSA,,,,[ræbba],FALSE,,
Broke Fracture,,كَسَرَ,MSA,,,,[kæsæræ],FALSE,,
Brush Comb,,مشّط,MSA,,,,[mæʃʃætˤæ],FALSE,,
Burn,,حَرَقَ,MSA,,,,[ħæræqæ],FALSE,,
Bury,,دَفَنَ,MSA,,,,[dæfænæ],FALSE,,
Buy,,اشترى,MSA,,,,[eʃtæra],FALSE,,
Call,,نادى,MSA,,,,[nada],FALSE,,
Call Contact,,إتـَصَلَ,MSA,,,,[etæsˤælæ],FALSE,,
Call Cry out Shout,,صَاحَ,MSA,,,,[sˤaħæ],FALSE,,
Camp,,خيّم,MSA,,,,[xæjjæmæ],FALSE,,
Challenge,,تحدّى,MSA,,,,[tæħædda],FALSE,,
Charge,,شَحَنَ,MSA,,,,[ʃæħænæ],FALSE,,
Cheat,,غَشَّ,MSA,,,,[ɣæʃʃæ],FALSE,,
Chew,,مَضَغَ,MSA,,,,[mædˤæɣæ],FALSE,,
Choke Stifle,,خَنَقَ,MSA,,,,[xænæqæ],FALSE,,
Clap Applaud,,صفّق,MSA,,,,[sˤæffæqæ],FALSE,,
Close,,غَلَقَ,MSA,,,,[ɣælæqæ],FALSE,,
Close eye,,أَغمض,MSA,,,,[æɣmædˤæ],FALSE,,
Coach,,درّب,MSA,,,,[dærræbæ],FALSE,,
Come,,أَتَى,MSA,,,,[æta],TRUE,,
Come back,,عَادَ,MSA,,,,[ʕadæ],FALSE,,
Compete,,تنافس,MSA,,,,[tænafæsæ],FALSE,,
Complain Moan,,شكى,MSA,,,,[ʃæka],FALSE,,
Complete,,خَتَمَ,MSA,,,,[xætæmæ],FALSE,,
Concentrate,,ركّز,MSA,,,,[ræk'kæzæ],FALSE,,
Congratulate,,بارك,MSA,,,,[barækæ],FALSE,,
Contact Call,,اتَّصل,MSA,,,,[etæsˤælæ],FALSE,,
Continue,,استمر,MSA,,,,[estæmæræ],TRUE,,
Copy,,نَسَخَ,MSA,,,,[næsæxæ],FALSE,,
Correct,,صحّح,MSA,,,,[sˤæħ'ħæħæ],FALSE,,
Cough,,سَعِلَ,MSA,,,,[sæʕælæ],FALSE,,
Count,,عَدَّ,MSA,,,,[ʕæd'dæ],FALSE,,
Count Estimate,,حَسِبَ,MSA,,,,[ħæsebæ],FALSE,,
Cover,,غطّى,MSA,,,,[ɣætˤ tˤa],FALSE,,
Crash against Clash Collide,,اصطدم,MSA,,,,[esˤtˤædæmæ],FALSE,,
Crawl,,زَحَفَ,MSA,,,,[zæħæfæ],FALSE,,
Cut,,قَطَعَ,MSA,,,,[qætˤæʕæ],FALSE,,
Cut off Interrupt,,قاطع,MSA,,,,[qatˤæʕæ],FALSE,,
Decide,,قرّر,MSA,,,,[qærræræ],FALSE,,
Decorate,,زيّن,MSA,,,,[zæjjænæ],FALSE,,
Delay,,أخّر,MSA,,,,[exxæræ],FALSE,,
Deny,,رَفَضَ,MSA,,,,[ræfædˤæ],FALSE,,
Describe,,وَصَفَ,MSA,,,,[wæsˤæfæ],FALSE,,
Deserve,,استحق,MSA,,,,[estæħæqæ],FALSE,,
Develop,,طوّر,MSA,,,,[tˤæwwæræ],FALSE,,
Dig,,حَفَرَ,MSA,,,,[ħæfæræ],FALSE,,
Disappear,,اختفى,MSA,,,,[ixtæfa],FALSE,,
Do harm,,آّذى,MSA,,,,[aða],FALSE,,
Dream,,حَلَمَ,MSA,,,,[ħælæmæ],FALSE,,
Drive Lead,,ساقَ,MSA,,,,[saqæ],FALSE,,
Drown,,غَرِقَ,MSA,,,,[ɣæreqæ],FALSE,,
Dry,,جَفَّ,MSA,,,,[dʒæffæ],FALSE,,
Earn,,كَسَبَ,MSA,,,,[kæsæbæ],FALSE,,
Emigrate,,هاجر,MSA,,,,[hadʒæræ],FALSE,,
Empty,,فرّغ,MSA,,,,[færræɣæ],FALSE,,
Encourage Support,,شجّع,MSA,,,,[ʃædʒdʒæʕæ],FALSE,,
End,,أَنهى,MSA,,,,[ænha],FALSE,,
Ensure Guarantee,,ضَمِنَ,MSA,,,,[dˤæmenæ],FALSE,,
Enter Go in,,دَخَلَ,MSA,,,,[dæxælæ],FALSE,,
Entertain,,استمتع,MSA,,,,[estæmæʕæ],FALSE,,
Erase,,مَسَحَ,MSA,,,,[mæsæħæ],FALSE,,
Expect Anticipate,,توقّع,MSA,,,,[tæwæqqæʕæ],FALSE,,
Explain,,شَرَحَ,MSA,,,,[ʃæræħh],FALSE,,
Explode Bomb,,فجّر,MSA,,,,[fædʒdʒæræ],FALSE,,
Extend,,وسّع,MSA,,,,[wæssæʕæ],FALSE,,
Extract,,استخرج,MSA,,,,[estæxrædʒæ],FALSE,,
Fail,,سَقَطَ,MSA,,,,[sæqætˤæ],FALSE,,
Fall down,,سـَـقـَـطـَ,MSA,,,,[sæqætˤæ],FALSE,,
Fall ill Be taken ill,,مَرِضَ,MSA,,,,[mærædˤæ],FALSE,,
Fantasize Imagine,,تخيّل,MSA,,,,[tæxæjjælæ],FALSE,,
Faster Make faster,,استعجل,MSA,,,,[estæʕdʒælæ],FALSE,,
Feel,,شَعَرَ,MSA,,,,[ʃæʕæræ],FALSE,,
Fill,,مَلَأَ,MSA,,,,[mælæʔæ],FALSE,,
Follow,,تَبِعَ,MSA,,,,[tæbæʕæ],FALSE,,
Force,,جَبَرَ,MSA,,,,[dʒæbæræ],FALSE,,
Get,,حَصَلَ,MSA,,,,[ħæsˤælæ],FALSE,,
Get on,,رَكِبَ,MSA,,,,[rækebæ],FALSE,,
Give,,أَعطى,MSA,,,,[eʕtˤa],TRUE,,
Give order,,أَمَرَ,MSA,,,,[æmæræ],FALSE,,
Go,,مَشَى,MSA,,,,[mæʃa],FALSE,,
Go Go away,,ذَهَبَ,MSA,,,,[ðæhæbæ],FALSE,,
Go out Exit Quit,,خَرَجَ,MSA,,,,[xærædʒæ],FALSE,,
Go shooping,,تسوّق,MSA,,,,[tæswwæqæ],FALSE,,
Grill,,شوى,MSA,,,,[ʃæwa],FALSE,,
Grind,,طَحَنَ,MSA,,,,[tˤæħænæ],FALSE,,
Guard,,حَرَسَ,MSA,,,,[ħæræsæ],FALSE,,
Harvest,,حَصَدَ,MSA,,,,[ħæsˤædæ],FALSE,,
Have fun/ Cosiness,,تسلّى,MSA,,,,[tæsælla],FALSE,,
Heat Warm,,سخّن,MSA,,,,[sæxxænæ],FALSE,,
Hit Punch,,ضـَـربَ,MSA,,,,[dˤæræbæ],FALSE,,
Inject,,حَقَنَ,MSA,,,,[ħæqænæ],FALSE,,
Injure Insult Hurt,,جَرَحَ,MSA,,,,[dʒæræħæ],FALSE,,
Intervene Interfere,,تدخّل,MSA,,,,[tædæxxælæ],FALSE,,
Introduce Present,,عَرَّفَ,MSA,,,,[ʕærræfæ],FALSE,,
Invent,,اخترع,MSA,,,,[extæræʕæ],FALSE,,
Itch,,حَكَّ,MSA,,,,[ħækæ],FALSE,,
Judge,,حَكَمَ,MSA,,,,[ħækæmæ],FALSE,,
Kick,,رَكَلَ,MSA,,,,[rækælæ],FALSE,,
Kidnap,,خَطَفَ,MSA,,,,[xætˤæfæ],FALSE,,
Kill,,قَتَلَ,MSA,,,,[qætælæ],FALSE,,
Knead,,عَجَنَ,MSA,,,,[ʕædʒænæ],FALSE,,
Knitting,,حَاكَ,MSA,,,,[ħakæ],FALSE,,
Knock,,طَرَقَ,MSA,,,,[tˤæræqæ],FALSE,,
Know,,عَرَفَ,MSA,,,,[ʕæræfæ],FALSE,,
Last Take,,استغرق,MSA,,,,[estæɣræqæ],FALSE,,
Lead Manage Guide,,قَادَ,MSA,,,,[qadæ],FALSE,,
Leak,,سرّب,MSA,,,,[særræbæ],FALSE,,
Lick,,لَعِقَ,MSA,,,,[læʕeqæ],FALSE,,
Light Shine Get a fire,,أَنار,MSA,,,,[ænaræ],FALSE,,
Like,,وَدَّ,MSA,,,,[wæddæ],FALSE,,
Listen,,استمع,MSA,,,,[estæmæʕæ],FALSE,,
Load Fill,,عبّى,MSA,,,,[ʕæbba],FALSE,,
Lock,,قَفَلَ,MSA,,,,[qæfælæ],FALSE,,
Love,,حَبَّ,MSA,,,,[ħæbbæ],TRUE,,
Make,,عَمِلَ,MSA,,,,[ʕæmelæ],FALSE,,
Make a mess Rummage,,بعثر,MSA,,,,[bæʕθæræ],FALSE,,
Make it slow Slower,,أَبطئ,MSA,,,,[æbtˤæʔæ],FALSE,,
Make Produce,,صَنَعَ,MSA,,,,[sˤænæʕæ],FALSE,,
Meet Face,,واجه,MSA,,,,[wadʒæhæ],FALSE,,
Melt,,ذَابَ,MSA,,,,[ðabæ],FALSE,,
Milk,,حَلَبَ,MSA,,,,[ħælæbæ],FALSE,,
Miss,,اشتاق,MSA,,,,[eʃtaqæ],FALSE,,
Mistænke,,شَكَّ,MSA,,,,[ʃækkæ],FALSE,,
Monitor Watch,,راقب,MSA,,,,[raqæbæ],FALSE,,
Need,,احتاج,MSA,,,,[eħtadʒæ],FALSE,,
Nervous,,تخلبط,MSA,,,,[tæxælbætˤæ],FALSE,,
Notice,,لاحظ,MSA,,,,[laħæzˤæ],FALSE,,
Obey,,أَطاع,MSA,,,,[ætˤaʕæ],FALSE,,
Open,,فَتَحَ,MSA,,,,[fætæħæ],FALSE,,
Pay,,سدّد,MSA,,,,[sæddædæ],TRUE,,
Perceive Feel Be aware,,حَسَّ,MSA,,,,[ħæssæ],FALSE,,
Permit Allow,,رضى,MSA,,,,[rædˤa],FALSE,,
Play,,لَعِبَ,MSA,,,,[læʕebæ],FALSE,,
Plow,,حَرَثَ,MSA,,,,[ħæræθæ],FALSE,,
Postpone Adjourn,,أجّل,MSA,,,,[ædʒdʒælæ],FALSE,,
Pour,,سَكَبَ,MSA,,,,[sækæbæ],FALSE,,
Prefer,,فضّل,MSA,,,,[fædˤælæ],FALSE,,
Prepare,,جهّز,MSA,,,,[dʒæhhæzæ],FALSE,,
Print Copy,,طَبَعَ,MSA,,,,[tˤæbæʕæ],FALSE,,
Produce,,أَنتج,MSA,,,,[æntædʒæ],FALSE,,
Promise,,وَعَدَ,MSA,,,,[wæʕædæ],TRUE,,
Pull,,جَـرَّ,MSA,,,,[dʒærræ],FALSE,,
Pull Draw,,جَرَّ,MSA,,,,[dʒærræ],FALSE,,
Pull Draw Quit,,سَحَبَ,MSA,,,,[sæħæbæ],FALSE,,
Punch Box,,لاكـَـم,MSA,,,,[lakæmæ],FALSE,,
Punish,,عاقب,MSA,,,,[ʕaqæbæ],FALSE,,
Put,,وَضَعَ,MSA,,,,[wædˤæʕæ],TRUE,,
Put Furniture Cover,,فَرَشَ,MSA,,,,[færæʃæ],FALSE,,
Put in jail,,سَجَنَ,MSA,,,,[sædʒænæ],FALSE,,
Put on Wear,,لَبِسَ,MSA,,,,[læbesæ],FALSE,,
Receive,,استقبل,MSA,,,,[estaqbælæ],FALSE,,
Regret,,نَدِمَ,MSA,,,,[nademæ],FALSE,,
Relax Take a break,,ارتاح,MSA,,,,[ertaħæ],FALSE,,
Rely on Trust,,اعتمد,MSA,,,,[eʕtæmædæ],FALSE,,
Remember,,ذَكَرَ,MSA,,,,[ðækæræ],FALSE,,
Remember Save,,حَفِظَ,MSA,,,,[ħæfezˤæ],FALSE,,
Remind Warn,,نبّه,MSA,,,,[næbbæhæ],FALSE,,
Remove,,أَزال,MSA,,,,[æzalæ],FALSE,,
Rent,,أَجّر,MSA,,,,[ædʒdʒæræ],FALSE,,
Reply Answer,,أجاب,MSA,,,,[ædʒabæ],FALSE,,
Rescue Save,,أَنقذ,MSA,,,,[ænqæðæ],FALSE,,
Reserve Book,,حَجَزَ,MSA,,,,[ħædʒæzæ],FALSE,,
Respirate,,استنشق,MSA,,,,[estænʃæqæ],FALSE,,
Rest Lie,,رَقَدَ,MSA,,,,[ræqædæ],FALSE,,
Reveal Uncover,,كَشَفَ,MSA,,,,[kæʃæfæ],FALSE,,
Ride,,رَكـَـبَ,MSA,,,,[rækæbæ],FALSE,,
Rise Get up Go up,,صَـعَـدَ,MSA,,,,[sˤæʕædæ],FALSE,,
Rise Go up,,صَعَد,MSA,,,,[sˤæʕædæ],FALSE,,
Risk Run the risk,,خاطر,MSA,,,,[xatˤæræ],FALSE,,
Roast,,قلّى,MSA,,,,[qælla],FALSE,,
Rot,,عَفِنَ,MSA,,,,[ʕæfenæ],FALSE,,
Run away,,هَرَبَ,MSA,,,,[hæræbæ],FALSE,,
Run efter,,طارد,MSA,,,,[tˤarædæ],FALSE,,
Sail,,أَبحر,MSA,,,,[æbħæræ],FALSE,,
Save up,,وفّر,MSA,,,,[wæqqæræ],FALSE,,
Say,,قَالَ,MSA,,,,[qalæ],TRUE,,
Say goodbye,,ودّع,MSA,,,,[wæddæʕæ],FALSE,,
Say hello,,سَلـَّمَ,MSA,,,,[sællæmæ],FALSE,,
Say hello Give regards,,سلّم,MSA,,,,[sællæmæ],FALSE,,
Scare Frighten,,خوّف,MSA,,,,[xæwwæfæ],FALSE,,
Search,,بَحَثَ,MSA,,,,[bæħæθæ],FALSE,,
See Look,,نَظَرَ,MSA,,,,[næzˤæræ],FALSE,,
Witness,,شـَـاهَد,MSA,,,,[ʃahædæ],FALSE,,
Sell,,بَاعَ,MSA,,,,[baʕæ],FALSE,,
Send,,أَرسل,MSA,,,,[ærsælæ],FALSE,,
Sew,,خَاطَ,MSA,,,,[xatˤæ],FALSE,,
Shake,,ارتعش,MSA,,,,[ertæʕæʃæ],FALSE,,
Shake hand,,صَـافـَحَ,MSA,,,,[sˤafæħæ],FALSE,,
Shout,,صَاحَ,MSA,,,,[sˤaħæ],FALSE,,
Show,,عَرَضَ,MSA,,,,[ʕærædˤæ],FALSE,,
Show Appear,,ظَهَرَ,MSA,,,,[zˤæhæræ],FALSE,,
Shut down Turn of Put (fire) out,,أَطفأ,MSA,,,,[etˤfæʔæ],FALSE,,
Sign,,وقّع,MSA,,,,[wæqqæʕæ],FALSE,,
Slaughter Kill,,ذَبَحَ,MSA,,,,[ðæbæħæ],FALSE,,
Sleep,,نام,MSA,,,,[namæ],TRUE,,
Slip,,تـَـزَحـْـلـَـقَ,MSA,,,,[tæzæħlæqæ],FALSE,,
Smell,,شَمَّ,MSA,,,,[ʃæmæ],FALSE,,
Smile,,ابتسم,MSA,,,,[ebtæsæmæ],FALSE,,
Sneeze,,عَطَسَ,MSA,,,,[ʕætˤæsæ],FALSE,,
Snore,,شَخَرَ,MSA,,,,[ʃæxæræ],FALSE,,
Sow Plant,,زَرَعَ,MSA,,,,[zæræʕæ],FALSE,,
Spit,,بَصَقَ,MSA,,,,[bæsˤæqæ],FALSE,,
Spoil,,خرّب,MSA,,,,[xærræbæ],FALSE,,
Spread,,نَشَرَ,MSA,,,,[næʃæræ],FALSE,,
Spy,,تجسّس,MSA,,,,[tædʒæssæsæ],FALSE,,
Stand Stop,,وَقـَـفَ,MSA,,,,[wæqæfæ],FALSE,,
Start,,بَدَأَ,MSA,,,,[bædæʔæ],FALSE,,
Steal,,سَرَقَ,MSA,,,,[særæqæ],FALSE,,
Stop Pause,,أَوقف,MSA,,,,[æwqæfæ],FALSE,,
Strike Affect,,أَصاب,MSA,,,,[æsˤabæ],FALSE,,
Study,,دَرَسَ,MSA,,,,[dæræsæ],FALSE,,
Stumle,,تعثّر,MSA,,,,[tæʕæθθæræ],FALSE,,
Suffer,,عانى,MSA,,,,[ʕana],TRUE,,
Suggest,,اقترح,MSA,,,,[eqtæræħæ],FALSE,,
Sværge,,حَلَفَ,MSA,,,,[ħælæfæ],FALSE,,
Swear,,قَسَمَ,MSA,,,,[qæsæmæ],FALSE,,
Take,,أَخَذَ,MSA,,,,[æxæðæ],TRUE,,
Take care of,,اهتمّ,MSA,,,,[ehtæmmæ],FALSE,,
Take off,,خَلَعَ,MSA,,,,[xælæʕæ],FALSE,,
Talk,,تـَـحـَدَّثَ,MSA,,,,[tæħæddæθæ],TRUE,,
Talk Speak,,كلّم,MSA,,,,[kællæmæ],FALSE,,
Taste,,ذَاقَ,MSA,,,,[ðaqæ],FALSE,,
Tease,,مَزَحَ,MSA,,,,[mæzæħæ],FALSE,,
Tell true Honest,,صَدَقَ,MSA,,,,[sˤædæqæ],FALSE,,
Tempt,,أَغرى,MSA,,,,[aɣra],FALSE,,
Thank,,شَكَرَ,MSA,,,,[ʃækæræ],FALSE,,
Threaten,,هدّد,MSA,,,,[hæddædæ],FALSE,,
Tidy up Put in order,,رتّب,MSA,,,,[rættæbæ],FALSE,,
Tie,,عَقَدَ,MSA,,,,[ʕæqædæ],FALSE,,
Tire,,تَعِبَ,MSA,,,,[tæʕebæ],FALSE,,
Touch,,لَمَسَ,MSA,,,,[læmæsæ],FALSE,,
Train,,تمرّن,MSA,,,,[tæmærrænæ],FALSE,,
Transfere Carry,,نَقَلَ,MSA,,,,[næqælæ],FALSE,,
Travel,,سافر,MSA,,,,[safæræ],FALSE,,
Treat,,عالج,MSA,,,,[ʕalædʒæ],FALSE,,
Treat Medicate,,داوى,MSA,,,,[daw wa],FALSE,,
Try,,حاول,MSA,,,,[ħawælæ],FALSE,,
Understand,,فَهِمَ,MSA,,,,[fæhemæ],FALSE,,
Vække Ophidse,,أَثار,MSA,,,,[æθaræ],FALSE,,
Være nervøs,,قَلِقَ,MSA,,,,[qæleqæ],FALSE,,
Violate Offence,,اعتدى,MSA,,,,[eʕtæda],FALSE,,
Visit,,زَارَ,MSA,,,,[zaræ],FALSE,,
Warn,,حذَّر,MSA,,,,[ħæððæræ],FALSE,,
Wash clothes,,غَسَلـَتْ الملابس,MSA,,,,[ɣæsælæt ælmælabes],FALSE,,
Wash dishes,,غَسَلَ الصُحون,MSA,,,,[ɣæsælæ æsˤoħo:n],FALSE,,
Wash hands,,غَسَلَ اليَديَّن,MSA,,,,[ɣæsælæ æljædajen],FALSE,,
Welcome,,رحَّب,MSA,,,,[ræħħæbæ],FALSE,,
Whisper,,هَمَسَ,MSA,,,,[hæmæsæ],TRUE,,
Will Want,,أَراد,MSA,,,,[æradæ],FALSE,,
Wish,,رَغِبَ,MSA,,,,[ræɣebæ],FALSE,,
Wish Desire,,تمنّى,MSA,,,,[tæmænna],FALSE,,
Wither,,ذَبُلَ,MSA,,,,[ðæbulæ],FALSE,,
Wonder,,عَجِبَ,MSA,,,,[ʕædʒebæ],FALSE,,
Wrap,,غلّف,MSA,,,,[ɣællæfæ],TRUE,,
Accept,,قَبِلَ,MSA,,,,[qæbelæ],TRUE,,
Accept,,وافق,MSA,,,,[wafæqæ],TRUE,,
Clean,,نظّف,MSA,,,,[næzˤzˤæfæ],TRUE,,
Clean,,نَظـَّفَ,MSA,,,,[næzˤzˤæfæ],TRUE,,
Climb,,تَسَلّق,MSA,,,,[tæsællæqæ],TRUE,,
Climb,,تـَـسَلـَّق,MSA,,,,[tæsællæqæ],TRUE,,
Cook,,طَهَى,MSA,,,,[tˤæha],TRUE,,
Cook,,طـَـهَى,MSA,,,,[tˤæha],TRUE,,
Cry,,بَكَى,MSA,,,,[bæka],FALSE,,
Discuss,,جادل,MSA,,,,[dʒadælæ],TRUE,,
Discuss,,ناقش,MSA,,,,[naqæʃæ],TRUE,,
Draw,,رَسَمَ,MSA,,,,[ræsæmæ],TRUE,,
Draw,,رَسَمَ,MSA,,,,[ræsæmæ],TRUE,,
Drink,,شَرِبَ,MSA,,,,[ʃærebæ],TRUE,,
Drink,,شـَـرَبَ,MSA,,,,[ʃærebæ],TRUE,,
Drip,,قطّر,MSA,,,,[qætˤtˤæræ],TRUE,,
Drip,,نقّط,MSA,,,,[næqqætˤæ],TRUE,,
Eat,,أَكَلَ,MSA,,,,[ækælæ],TRUE,,
Eat,,أكـَـلَ,MSA,,,,[ækælæ],TRUE,,
Examine,,اختبر,MSA,,,,[extæbæræ],TRUE,,
Examine,,فَحَصَ,MSA,,,,[fæħæsˤæ],TRUE,,
Fight,,قاتل,MSA,,,,[qatælæ],TRUE,,
Fight,,قاتـَـلَ,MSA,,,,[qatælæ],TRUE,,
Find,,وَجَدَ,MSA,,,,[wædʒædæ],TRUE,?,
Find,,عَثَرَ,MSA,,,,[ʕæθæræ],TRUE,?,
Hate,,كَرِهَ,MSA,,,,[karehæ],TRUE,,
Hate,,بَغِضَ,MSA,,,,[bæɣædˤæ],TRUE,,
Hear,,سَمِعَ,MSA,,,,[sæmæʕæ],TRUE,,
Hear,,سَمِع,MSA,,,,[sæmeʕæ],TRUE,,
Jump,,قَفَزَ,MSA,,,,[qæfæzæ],TRUE,,
Jump,,وَثَبَ,MSA,,,,[wæθæbæ],TRUE,,
Laugh,,ضَحِكَ,MSA,,,,[dˤæħekæ],TRUE,,
Laugh,,ضـَـحـَـكَ,MSA,,,,[dˤæħekæ],TRUE,,
Lead,,سَبَقَ,MSA,,,,[sæbæqæ],TRUE,,
Lead,,قادَ,MSA,,,,[qadæ],TRUE,,
Leave,,غادر,MSA,,,,[ɣadæræ],TRUE,,
Leave,,تَرَكَ,MSA,,,,[tærækæ],TRUE,,
Lie,,استلقى,MSA,,,,[estælqa],TRUE,,
Lie,,كَذَبَ,MSA,,,,[læðæbæ],TRUE,,
Lose,,خَسِرَ,MSA,,,,[xæsæræ],TRUE,,
Lose,,فَقَدَ,MSA,,,,[fæqædæ],TRUE,,
Paint,,لـَـوَّن,MSA,,,,[læwwænæ],TRUE,,
Paint,,صَـبَغَ,MSA,,,,[sˤæbæɣæ],TRUE,,
Pass,,نَجَحَ,MSA,,,,[nædʒæħæ],TRUE,,
Pass,,عَبَرَ,MSA,,,,[ʕæbæræ],TRUE,,
Press,,ضَغَطَ,MSA,,,,[dˤæɣætˤæ],TRUE,,
Press,,عَصَرَ,MSA,,,,[ʕæsˤæræ],TRUE,,
Push,,دَفَعَ,MSA,,,,[dæfæʕæ],TRUE,,
Push,,دَفـَـع,MSA,,,,[dæfæʕæ],TRUE,,
Read,,قَرَأَ,MSA,,,,[qæræʔæ],FALSE,,
Repair,,صَلـَّـحَ,MSA,,,,[sˤællæħæ],FALSE,,
Ruin Destroy,,حطّم,MSA,,,,[ħætˤtˤæmæ],TRUE,,
Ruin Destroy,,دمّر,MSA,,,,[dæmmæræ],TRUE,?,
Run,,رَكَضَ,MSA,,,,[rækædˤæ],TRUE,,
Run,,رَكـَـضَ,MSA,,,,[rækædˤæ],TRUE,,
Scream,,صَرَخَ,MSA,,,,[sˤæræxæ],FALSE,,
See,,رَأَى,MSA,,,,[ræʔa],TRUE,?,
See,,بَصَرَ,MSA,,,,[bæsˤæræ],TRUE,?,
See,,نـَـظـَر,MSA,,,,[næzˤæræ],TRUE,,
Sit,,جَلَسَ,MSA,,,,[dʒælæsæ],TRUE,,
Sit,,جَلـَـسَ,MSA,,,,[dʒælæsæ],TRUE,,
Smoke,,دخّن,MSA,,,,[dæx xænæ],TRUE,?,
Smoke,,دَخـَّنَ,MSA,,,,[dæxxænæ],TRUE,?,
Spill,,هَدَرَ,MSA,,,,[hædæræ],TRUE,?,
Spill,,فرّط,MSA,,,,[gærrætˤæ],TRUE,?,
Stand,,نَهَضَ,MSA,,,,[næhædˤæ],TRUE,,
Stand,,وَقَفَ,MSA,,,,[wæqæfæ],TRUE,,
Swim,,سَبَحَ,MSA,,,,[sæbæħæ],TRUE,,
Swim,,سَـبـَـح,MSA,,,,[sæbæħæ],TRUE,,
Tell,,حدَّث,MSA,,,,[ħæddæθæ],TRUE,,
Tell,,أَخبر,MSA,,,,[æxbæræ],TRUE,,
Think,,فكّر,MSA,,,,[fæk'kæræ],TRUE,,
Think,,فـَـكـَّـرَ,MSA,,,,[fækkæræ],TRUE,,
Throw,,قَذَفَ,MSA,,,,[qæðæfæ],TRUE,,
Throw,,رَمَى,MSA,,,,[ræma],TRUE,,
Wait,,انتظر,MSA,,,,[entæzˤæræ],TRUE,,
Wait,,إنـْـتـَـظـَـر,MSA,,,,[entæzˤæræ],TRUE,,
Wake,,صَحَى,MSA,,,,[sˤæħa],TRUE,,
Wake,,إسْـتـَيْقـَظـَ,MSA,,,,[estæjqæzˤæ],TRUE,,
Wake up,,استيقض,MSA,,,,[estajqædˤæ],TRUE,,
Wake up,,صحى,MSA,,,,[sˤæħa],TRUE,,
Win,,رَبِحَ,MSA,,,,[ræbæħæ],TRUE,,
Win,,فَازَ,MSA,,,,[fazæ],TRUE,,
Write,,كَتَبَ,MSA,,,,[kætæbæ],FALSE,,
pay,t,دَفعَ,Beirut,1A,,,,TRUE,,
leave,i,ضَهَر,Beirut,1A,,,,TRUE,,
weigh,t,وَزَن,Beirut,1A,"initial ""و""",,,FALSE,,
sleep,t,نام,Beirut,1A,irregular medial weak,,,TRUE,,
continue,,ضَلّ,Beirut,1A,irregular final geminate,,,TRUE,"continue [doing something]
to remain [somewhere]",
forget,t,نِسي,Beirut,1A,irregular final weak,,,FALSE,,
wait,t,نَطَر,Beirut,1B,,,,TRUE,,
put,t,حَطّ,Beirut,1B,irregular final geminate,,,TRUE,put/lay,
say,t,قال,Beirut,1B,irregular medial weak,,,TRUE,,
reserve,t,حَخَز,Beirut,1C,,,[ħædʒæzæ],FALSE,reserve/book,
promise,t,وَعَد,Beirut,1C,with و,,,TRUE,,
love,t,حَبّ,Beirut,1C,irregular final geminate,,,TRUE,,
wash,t,جَلى,Beirut,1C,irregular final weak,,,FALSE,wash dishes,
talk,t,حَكى,Beirut,1C,irregular final weak,,,TRUE,"talk, speak",
bring,t,جاب,Beirut,1C,irregular medial weak,,,FALSE,,
become lost,i,ضاع,Beirut,1C,[shows influence of ض on verb],,,FALSE,get lost,
drink,t,شِرِب,Beirut,1D,,,,TRUE,,
do,t,عِمِل,Beirut,1D,[note influence of ع on vowels],,,FALSE,,
arrive,i,وُصِل,Beirut,1D,initial وwith ,,,TRUE,,
walk,t/i,مِشي,Beirut,1D,irregular final weak,,,FALSE,,
teach,t,دَرَّس,Beirut,2,mid-geminate,,,FALSE,,
let,t,خَلّى,Beirut,2,final weak,,,FALSE,"let, allow, remain, keep",
answer,t/i,جاوب,Beirut,3,,,,FALSE,"answer, respond, ",
suffer,i,عانى,Beirut,3,irregular final weak,,,TRUE,,
announce,t,أَعلَن,Beirut,4,,,,FALSE,,
give,t,عطى,Beirut,4//3//1,transforms form,,,TRUE,,
learn,t,تعَلّم,Beirut,5,,,,FALSE,,
deal with,i,تعامل مع,Beirut,6,,,,FALSE,,
have fun,i,نبسط,Beirut,7,,,,FALSE,"enjoy, have a good time",
get busy,i,نشغل,Beirut,7,,,,FALSE,,*can only be used with 3rd person pronouns
be said,i,نْقال,Beirut,7,irregular medial weak,,,FALSE,,
work,i,شتغل,Beirut,8,,,,FALSE,,
protest [against],i,حْتَخّ على,Beirut,8,irregular final geminate,,,FALSE,,
become white,i,بْيَضّ,Beirut,9,,,,FALSE,,
become red,i,حمرّ,Beirut,9,,,,FALSE,,
become blue,i,زرقّ,Beirut,9,,,,FALSE,,
become green,i,خضرّ,Beirut,9,,,,FALSE,,
become yellow,i,صفرّ,Beirut,9,,,,FALSE,,
become black,i,سْودّ,Beirut,9,,,,FALSE,,
use,t,سْتَعْمَل,Beirut,10,,,,FALSE,,
get ready,*reflexive*,سْتَعَدّ,Beirut,10,irregular final geminate,,,FALSE,,
consult,t,سْتَشار,Beirut,10,irregular medial weak,,,FALSE,"to consult, take counsel, ask for advice",
telephone,,تَلْفَن,Beirut,,quadriliteral,,,FALSE,,
whisper,,وَشْوَش,Beirut,,doubled,,,,to tell s.o. s.th. by whispering,
wrap,,لَفلَف,Beirut,,doubled,,,,wrap up,
come,i,إجا,Beirut,,irregular,,,,,
take,t,أجد,Beirut,,irregular,,,,,
abandon; give up [on s.o./s.th],i,تخَلّى,Beirut,5,irregular final weak,D,,,,
accept/agree,i,قِبِل,Beirut,1D,1D,B,,,,
accompany,t,رافَق,Beirut,3,,D,,,,
accuse/suspect,t,تَهَم,Beirut,1B,,D,,,,
accustom/get used to,i,تعَوَّد,Beirut,5,,B,,,,
act [in a play/movie]; ,t,مَثَّل,Beirut,2,,D,,,,represent; perform
act childish/joke with,i,توَلدَن,Beirut,,quadriliteral reflexive,E,,,,